{"0": [14.030994834548514, 42.93335377626349], "1": [14.040520807627594, 42.93335377626349], "2": [14.050046780706674, 42.93335377626349], "3": [14.059572753785755, 42.93335377626349], "4": [14.021468861469433, 42.92605144804089], "5": [14.030994834548514, 42.92605144804089], "6": [14.040520807627594, 42.92605144804089], "7": [14.050046780706674, 42.92605144804089], "8": [14.059572753785755, 42.92605144804089], "9": [14.069098726864834, 42.92605144804089], "10": [14.011942888390353, 42.91874911981829], "11": [14.021468861469433, 42.91874911981829], "12": [14.030994834548514, 42.91874911981829], "13": [14.040520807627594, 42.91874911981829], "14": [14.050046780706674, 42.91874911981829], "15": [14.059572753785755, 42.91874911981829], "16": [14.069098726864834, 42.91874911981829], "17": [14.078624699943914, 42.91874911981829], "18": [14.011942888390353, 42.91144679159569], "19": [14.021468861469433, 42.91144679159569], "20": [14.030994834548514, 42.91144679159569], "21": [14.040520807627594, 42.91144679159569], "22": [14.050046780706674, 42.91144679159569], "23": [14.059572753785755, 42.91144679159569], "24": [14.069098726864834, 42.91144679159569], "25": [14.078624699943914, 42.91144679159569], "26": [14.011942888390353, 42.904144463373086], "27": [14.021468861469433, 42.904144463373086], "28": [14.030994834548514, 42.904144463373086], "29": [14.040520807627594, 42.904144463373086], "30": [14.050046780706674, 42.904144463373086], "31": [14.059572753785755, 42.904144463373086], "32": [14.069098726864834, 42.904144463373086], "33": [14.078624699943914, 42.904144463373086], "34": [14.011942888390353, 42.89684213515048], "35": [14.021468861469433, 42.89684213515048], "36": [14.030994834548514, 42.89684213515048], "37": [14.040520807627594, 42.89684213515048], "38": [14.050046780706674, 42.89684213515048], "39": [14.059572753785755, 42.89684213515048], "40": [14.069098726864834, 42.89684213515048], "41": [14.078624699943914, 42.89684213515048], "42": [14.011942888390353, 42.88953980692788], "43": [14.021468861469433, 42.88953980692788], "44": [14.030994834548514, 42.88953980692788], "45": [14.040520807627594, 42.88953980692788], "46": [14.050046780706674, 42.88953980692788], "47": [14.059572753785755, 42.88953980692788], "48": [14.069098726864834, 42.88953980692788], "49": [14.078624699943914, 42.88953980692788], "50": [14.011942888390353, 42.88223747870528], "51": [14.021468861469433, 42.88223747870528], "52": [14.030994834548514, 42.88223747870528], "53": [14.040520807627594, 42.88223747870528], "54": [14.050046780706674, 42.88223747870528], "55": [14.059572753785755, 42.88223747870528], "56": [14.069098726864834, 42.88223747870528], "57": [14.078624699943914, 42.88223747870528], "58": [14.021468861469433, 42.87493515048268], "59": [14.030994834548514, 42.87493515048268], "60": [14.040520807627594, 42.87493515048268], "61": [14.050046780706674, 42.87493515048268], "62": [14.059572753785755, 42.87493515048268], "63": [14.069098726864834, 42.87493515048268], "64": [14.078624699943914, 42.87493515048268], "65": [14.021468861469433, 42.86763282226008], "66": [14.030994834548514, 42.86763282226008], "67": [14.040520807627594, 42.86763282226008], "68": [14.050046780706674, 42.86763282226008], "69": [14.059572753785755, 42.86763282226008], "70": [14.069098726864834, 42.86763282226008], "71": [14.078624699943914, 42.86763282226008], "72": [14.040520807627594, 42.86033049403748], "73": [14.050046780706674, 42.86033049403748], "74": [14.059572753785755, 42.86033049403748], "75": [14.069098726864834, 42.86033049403748], "76": [14.078624699943914, 42.86033049403748], "77": [14.088150673022994, 42.86033049403748], "78": [14.040520807627594, 42.85302816581488], "79": [14.050046780706674, 42.85302816581488], "80": [14.059572753785755, 42.85302816581488], "81": [14.069098726864834, 42.85302816581488], "82": [14.078624699943914, 42.85302816581488], "83": [14.088150673022994, 42.85302816581488], "84": [14.097676646102075, 42.85302816581488], "85": [14.040520807627594, 42.845725837592276], "86": [14.050046780706674, 42.845725837592276], "87": [14.059572753785755, 42.845725837592276], "88": [14.069098726864834, 42.845725837592276], "89": [14.078624699943914, 42.845725837592276], "90": [14.088150673022994, 42.845725837592276], "91": [14.097676646102075, 42.845725837592276], "92": [14.040520807627594, 42.838423509369676], "93": [14.050046780706674, 42.838423509369676], "94": [14.059572753785755, 42.838423509369676], "95": [14.069098726864834, 42.838423509369676], "96": [14.078624699943914, 42.838423509369676], "97": [14.088150673022994, 42.838423509369676], "98": [14.097676646102075, 42.838423509369676], "99": [14.030994834548514, 42.831121181147076], "100": [14.040520807627594, 42.831121181147076], "101": [14.050046780706674, 42.831121181147076], "102": [14.059572753785755, 42.831121181147076], "103": [14.069098726864834, 42.831121181147076], "104": [14.078624699943914, 42.831121181147076], "105": [14.088150673022994, 42.831121181147076], "106": [14.097676646102075, 42.831121181147076], "107": [14.030994834548514, 42.823818852924475], "108": [14.040520807627594, 42.823818852924475], "109": [14.050046780706674, 42.823818852924475], "110": [14.059572753785755, 42.823818852924475], "111": [14.069098726864834, 42.823818852924475], "112": [14.078624699943914, 42.823818852924475], "113": [14.088150673022994, 42.823818852924475], "114": [14.097676646102075, 42.823818852924475], "115": [14.030994834548514, 42.816516524701875], "116": [14.040520807627594, 42.816516524701875], "117": [14.050046780706674, 42.816516524701875], "118": [14.059572753785755, 42.816516524701875], "119": [14.069098726864834, 42.816516524701875], "120": [14.078624699943914, 42.816516524701875], "121": [14.088150673022994, 42.816516524701875], "122": [14.097676646102075, 42.816516524701875], "123": [14.030994834548514, 42.809214196479275], "124": [14.040520807627594, 42.809214196479275], "125": [14.050046780706674, 42.809214196479275], "126": [14.059572753785755, 42.809214196479275], "127": [14.069098726864834, 42.809214196479275], "128": [14.078624699943914, 42.809214196479275], "129": [14.088150673022994, 42.809214196479275], "130": [14.097676646102075, 42.809214196479275], "131": [14.107202619181155, 42.809214196479275], "132": [14.040520807627594, 42.801911868256674], "133": [14.050046780706674, 42.801911868256674], "134": [14.059572753785755, 42.801911868256674], "135": [14.069098726864834, 42.801911868256674], "136": [14.078624699943914, 42.801911868256674], "137": [14.088150673022994, 42.801911868256674], "138": [14.097676646102075, 42.801911868256674], "139": [14.107202619181155, 42.801911868256674], "140": [14.116728592260236, 42.801911868256674], "141": [14.126254565339316, 42.801911868256674], "142": [14.050046780706674, 42.794609540034074], "143": [14.059572753785755, 42.794609540034074], "144": [14.069098726864834, 42.794609540034074], "145": [14.078624699943914, 42.794609540034074], "146": [14.088150673022994, 42.794609540034074], "147": [14.097676646102075, 42.794609540034074], "148": [14.107202619181155, 42.794609540034074], "149": [14.116728592260236, 42.794609540034074], "150": [14.126254565339316, 42.794609540034074], "151": [14.135780538418397, 42.794609540034074], "152": [14.069098726864834, 42.78730721181147], "153": [14.078624699943914, 42.78730721181147], "154": [14.088150673022994, 42.78730721181147], "155": [14.097676646102075, 42.78730721181147], "156": [14.107202619181155, 42.78730721181147], "157": [14.116728592260236, 42.78730721181147], "158": [14.126254565339316, 42.78730721181147], "159": [14.135780538418397, 42.78730721181147], "160": [14.078624699943914, 42.780004883588866], "161": [14.088150673022994, 42.780004883588866], "162": [14.097676646102075, 42.780004883588866], "163": [14.107202619181155, 42.780004883588866], "164": [14.116728592260236, 42.780004883588866], "165": [14.126254565339316, 42.780004883588866], "166": [14.135780538418397, 42.780004883588866],